Holiday Name,Date,Type
New Year's Day,2024-01-01,Regular Holiday
Chinese New Year,2024-02-10,Special (Non-Working) Holiday
EDSA People Power Revolution Anniversary,2024-02-25,Special (Non-Working) Holiday
Maundy Thursday,2024-03-28,Regular Holiday
Good Friday,2024-03-29,Regular Holiday
Black Saturday,2024-03-30,Special (Non-Working) Holiday
Araw ng Kagitingan,2024-04-09,Regular Holiday
Labor Day,2024-05-01,Regular Holiday
Independence Day,2024-06-12,Regular Holiday
Ninoy Aquino Day,2024-08-21,Special (Non-Working) Holiday
National Heroes Day,2024-08-26,Regular Holiday
All Saints' Day,2024-11-01,Special (Non-Working) Holiday
All Souls' Day,2024-11-02,Special (Non-Working) Holiday
Bonifacio Day,2024-11-30,Regular Holiday
Feast of the Immaculate Conception,2024-12-08,Special (Non-Working) Holiday
Christmas Eve,2024-12-24,Special (Non-Working) Holiday
Christmas Day,2024-12-25,Regular Holiday
Rizal Day,2024-12-30,Regular Holiday
New Year's Eve,2024-12-31,Special (Non-Working) Holiday
